{
    "date_generated": "2024-10-23",
    "cash": 0.0,
    "deposit": 0,
    "weights": [
        [
            "SPXL",
            0.315212345944934,
            "S&P 500 3x"
        ],
        [
            "TQQQ",
            0.4507810740580659,
            "QQQ 3x"
        ],
        [
            "SOXL",
            0.22657373873669803,
            "Semiconductor 3x"
        ]
    ]
}