{
    "date_generated": "2024-10-23",
    "cash": 0.0,
    "deposit": 0,
    "weights": [
        [
            "SPXL",
            0.31564247382344424,
            "S&P 500 3x"
        ],
        [
            "TQQQ",
            0.45139619742386766,
            "QQQ 3x"
        ],
        [
            "SOXL",
            0.22688290620362872,
            "Semiconductor 3x"
        ]
    ]
}