{
    "date_generated": "2024-10-23",
    "cash": 0.0,
    "deposit": 0,
    "weights": [
        [
            "SPXL",
            0.31561184917598867,
            "S&P 500 3x"
        ],
        [
            "TQQQ",
            0.45135240117146985,
            "QQQ 3x"
        ],
        [
            "SOXL",
            0.22686090052417843,
            "Semiconductor 3x"
        ]
    ]
}