{
    "date_generated": "2024-10-23",
    "cash": 0.0,
    "deposit": 0,
    "weights": [
        [
            "SPXL",
            0.31543678369585215,
            "S&P 500 3x"
        ],
        [
            "TQQQ",
            0.45110203907486296,
            "QQQ 3x"
        ],
        [
            "SOXL",
            0.22673506395442306,
            "Semiconductor 3x"
        ]
    ]
}